URL,Reason
https://www.bezrealitky.com/properties-flats-houses/903568-nabidka-prodej-pozemku-hagen,phrase match
https://www.bezrealitky.com/properties-flats-houses/903569-nabidka-prodej-pozemku-werder-havel,phrase match
https://www.bezrealitky.com/properties-flats-houses/903572-nabidka-prodej-pozemku-pastetten,phrase match
https://www.bezrealitky.com/properties-flats-houses/903574-nabidka-prodej-domu-trinwillershagen,phrase match
https://www.bezrealitky.com/properties-flats-houses/903577-nabidka-pronajem-nebytoveho-prostoru-ostengasse-7-regensburg,phrase match
https://www.bezrealitky.com/properties-flats-houses/903582-nabidka-pronajem-kancelare-wissstrasse-14-18-dortmund,phrase match
https://www.bezrealitky.com/properties-flats-houses/903583-nabidka-prodej-bytu-gerhardstrasse-33-ratingen,phrase match
https://www.bezrealitky.com/properties-flats-houses/903586-nabidka-pronajem-kancelare-euskirchen,phrase match
https://www.bezrealitky.com/properties-flats-houses/903587-nabidka-pronajem-bytu-kohlenhofstrasse-62-nurnberg,phrase match
https://www.bezrealitky.com/properties-flats-houses/903588-nabidka-pronajem-bytu-schneller-strasse-58a-rudower-str-2-berlin,phrase match
https://www.bezrealitky.com/properties-flats-houses/903591-nabidka-prodej-nebytoveho-prostoru-rotheburgstrasse-18-nordhausen,phrase match
https://www.bezrealitky.com/properties-flats-houses/903592-nabidka-prodej-domu-bernau,phrase match
https://www.bezrealitky.com/properties-flats-houses/903593-nabidka-prodej-domu-plankenweg-8-altenburg,phrase match
https://www.bezrealitky.com/properties-flats-houses/903595-nabidka-prodej-bytu-berlin,phrase match
https://www.bezrealitky.com/properties-flats-houses/903597-nabidka-prodej-bytu-mannheim,phrase match
https://www.bezrealitky.com/properties-flats-houses/903598-nabidka-pronajem-nebytoveho-prostoru-oberderdingen,phrase match
https://www.bezrealitky.com/properties-flats-houses/903601-nabidka-prodej-domu-lipporn,phrase match
https://www.bezrealitky.com/properties-flats-houses/903603-nabidka-prodej-bytu-schonmunzach,phrase match
https://www.bezrealitky.com/properties-flats-houses/903604-nabidka-pronajem-bytu-haydnstr-6-germering,phrase match
https://www.bezrealitky.com/properties-flats-houses/903606-nabidka-prodej-domu-hauptstrasse-83-bad-wimpfen,phrase match
https://www.bezrealitky.com/properties-flats-houses/903609-nabidka-pronajem-bytu-wuppertal,phrase match
https://www.bezrealitky.com/properties-flats-houses/903611-nabidka-prodej-domu-dranske-bakenberg,phrase match
https://www.bezrealitky.com/properties-flats-houses/903612-nabidka-prodej-bytu-lichtenrader-str-55-berlin,phrase match
https://www.bezrealitky.com/properties-flats-houses/903615-nabidka-prodej-bytu-bruno-taut-ring-20a-berlin,phrase match
https://www.bezrealitky.com/properties-flats-houses/903618-nabidka-pronajem-nebytoveho-prostoru-karolusstrasse-leipzig,phrase match
https://www.bezrealitky.com/properties-flats-houses/903620-nabidka-prodej-bytu-lauchhammer,phrase match
https://www.bezrealitky.com/properties-flats-houses/903623-nabidka-prodej-domu-trautlergasse-6-landshut,phrase match
https://www.bezrealitky.com/properties-flats-houses/903626-nabidka-pronajem-bytu-dobelstr-5-stuttgart,phrase match
https://www.bezrealitky.com/properties-flats-houses/903629-nabidka-prodej-bytu-griechenstrasse-munchen,phrase match
https://www.bezrealitky.com/properties-flats-houses/903630-nabidka-prodej-bytu-pforzheim,phrase match
https://www.bezrealitky.com/properties-flats-houses/903633-nabidka-prodej-domu-wilhelmstr-14-rheinstetten,phrase match
https://www.bezrealitky.com/properties-flats-houses/903635-nabidka-pronajem-kancelare-loningstr-6-8-bremerhaven,phrase match
https://www.bezrealitky.com/properties-flats-houses/903636-nabidka-prodej-domu-deggendorf,phrase match
https://www.bezrealitky.com/properties-flats-houses/903637-nabidka-prodej-bytu-uhlingen-birkendorf,phrase match
https://www.bezrealitky.com/properties-flats-houses/903638-nabidka-pronajem-domu-siegstr-30-hersel,phrase match
https://www.bezrealitky.com/properties-flats-houses/903643-nabidka-pronajem-bytu-marktstrasse-5-odelzhausen,phrase match
https://www.bezrealitky.com/properties-flats-houses/903644-nabidka-pronajem-domu-piaffe-8-verden,phrase match
https://www.bezrealitky.com/properties-flats-houses/903646-nabidka-prodej-chaty-chalupy-pottum,phrase match
https://www.bezrealitky.com/properties-flats-houses/903649-nabidka-pronajem-bytu-rubensstr-54-berlin,phrase match
https://www.bezrealitky.com/properties-flats-houses/903650-nabidka-pronajem-bytu-rubensstr-54-berlin,phrase match
https://www.bezrealitky.com/properties-flats-houses/903653-nabidka-prodej-domu-falkenhorst-norderstedt,phrase match
https://www.bezrealitky.com/properties-flats-houses/903655-nabidka-pronajem-nebytoveho-prostoru-wurzburg,phrase match
https://www.bezrealitky.com/properties-flats-houses/903656-nabidka-pronajem-bytu-schortens,phrase match
https://www.bezrealitky.com/properties-flats-houses/903657-nabidka-prodej-domu-duneberger-str-geesthacht,phrase match
https://www.bezrealitky.com/properties-flats-houses/903659-nabidka-prodej-domu-wurzburg,phrase match
https://www.bezrealitky.com/properties-flats-houses/903660-nabidka-prodej-domu-huckeswagener-str-gummersbach,phrase match
https://www.bezrealitky.com/properties-flats-houses/903661-nabidka-prodej-domu-butzow,phrase match
https://www.bezrealitky.com/properties-flats-houses/903662-nabidka-pronajem-bytu-drensteinfurt,phrase match
https://www.bezrealitky.com/properties-flats-houses/903663-nabidka-pronajem-bytu-rheinische-strasse-64-dortmund,phrase match
https://www.bezrealitky.com/properties-flats-houses/903665-nabidka-prodej-domu-franz-mehring-strasse-17-u-15-severinstrasse-21-schwerin,phrase match
https://www.bezrealitky.com/properties-flats-houses/903667-nabidka-prodej-domu-gesseler-str-64-syke,phrase match
https://www.bezrealitky.com/properties-flats-houses/903668-nabidka-prodej-domu-dorfstrasse-242-langenhorn,phrase match
https://www.bezrealitky.com/properties-flats-houses/903669-nabidka-pronajem-bytu-duburger-strasse-3-flensburg,phrase match
https://www.bezrealitky.com/properties-flats-houses/903672-nabidka-prodej-domu-rot-am-see,phrase match
https://www.bezrealitky.com/properties-flats-houses/903673-nabidka-prodej-bytu-senden,phrase match
https://www.bezrealitky.com/properties-flats-houses/903676-nabidka-prodej-domu-xanten,phrase match
https://www.bezrealitky.com/properties-flats-houses/903678-nabidka-prodej-domu-lange-strasse-9-viereck-ets,phrase match
https://www.bezrealitky.com/properties-flats-houses/903683-nabidka-prodej-bytu-brandesstrasse-9-konstanz,phrase match
https://www.bezrealitky.com/properties-flats-houses/903684-nabidka-prodej-domu-hannover,phrase match
https://www.bezrealitky.com/properties-flats-houses/903685-nabidka-prodej-nebytoveho-prostoru-hengersberg,phrase match
https://www.bezrealitky.com/properties-flats-houses/903687-nabidka-prodej-pozemku-hochenschwand,phrase match
https://www.bezrealitky.com/properties-flats-houses/903688-nabidka-pronajem-bytu-allersburg,phrase match
https://www.bezrealitky.com/properties-flats-houses/903691-nabidka-pronajem-nebytoveho-prostoru-baunatal,phrase match
https://www.bezrealitky.com/properties-flats-houses/903692-nabidka-pronajem-bytu-weilheim-an-der-teck,phrase match
https://www.bezrealitky.com/properties-flats-houses/903693-nabidka-pronajem-bytu-nurtinger-strasse-53-boblingen,phrase match
https://www.bezrealitky.com/properties-flats-houses/903694-nabidka-prodej-bytu-munchen,phrase match
https://www.bezrealitky.com/properties-flats-houses/903695-nabidka-pronajem-bytu-stadionstrasse-60a-andernach,phrase match
https://www.bezrealitky.com/properties-flats-houses/903698-nabidka-prodej-pozemku-maxsain,phrase match
https://www.bezrealitky.com/properties-flats-houses/903701-nabidka-prodej-domu-riedstadt,phrase match
https://www.bezrealitky.com/properties-flats-houses/903703-nabidka-pronajem-bytu-beireisstr-7-helmstedt,phrase match
https://www.bezrealitky.com/properties-flats-houses/903705-nabidka-pronajem-bytu-sperberstr-24-villingen-schwenningen,phrase match
https://www.bezrealitky.com/properties-flats-houses/903706-nabidka-prodej-domu-hauptstrasse-12-stotten-am-auerberg,phrase match
https://www.bezrealitky.com/properties-flats-houses/903707-nabidka-prodej-bytu-baden-wurttemberg-eberbach,phrase match
https://www.bezrealitky.com/properties-flats-houses/903708-nabidka-prodej-domu-baden-wurttemberg-eberbach,phrase match
https://www.bezrealitky.com/properties-flats-houses/903709-nabidka-pronajem-kancelare-krefeld,phrase match
https://www.bezrealitky.com/properties-flats-houses/903710-nabidka-prodej-bytu-seligenstadt,phrase match
https://www.bezrealitky.com/properties-flats-houses/903712-nabidka-pronajem-domu-peine,phrase match
https://www.bezrealitky.com/properties-flats-houses/903713-nabidka-prodej-bytu-munchen,phrase match
https://www.bezrealitky.com/properties-flats-houses/903714-nabidka-prodej-domu-suhl,phrase match
https://www.bezrealitky.com/properties-flats-houses/903715-nabidka-prodej-domu-dortmund,phrase match
https://www.bezrealitky.com/properties-flats-houses/903716-nabidka-pronajem-bytu-hamburg,phrase match
https://www.bezrealitky.com/properties-flats-houses/903717-nabidka-pronajem-nebytoveho-prostoru-wissstrasse-14-18-dortmund,phrase match
https://www.bezrealitky.com/properties-flats-houses/903718-nabidka-pronajem-nebytoveho-prostoru-wissstrasse-14-18-dortmund,phrase match
https://www.bezrealitky.com/properties-flats-houses/903719-nabidka-prodej-domu-oberasbach,phrase match
https://www.bezrealitky.com/properties-flats-houses/903720-nabidka-prodej-pozemku-rosengarten,phrase match
https://www.bezrealitky.com/properties-flats-houses/903721-nabidka-pronajem-bytu-lange-str-13-15-offenburg,phrase match
https://www.bezrealitky.com/properties-flats-houses/903722-nabidka-pronajem-garaze-seidenstrasse-40-42-krefeld,phrase match
https://www.bezrealitky.com/properties-flats-houses/903725-nabidka-prodej-domu-erlangen,phrase match
https://www.bezrealitky.com/properties-flats-houses/903727-nabidka-prodej-domu-dorfstrasse-1-moisburg,phrase match
https://www.bezrealitky.com/properties-flats-houses/903728-nabidka-pronajem-nebytoveho-prostoru-magdala,phrase match
https://www.bezrealitky.com/properties-flats-houses/903730-nabidka-prodej-domu-eversbuschstr-178-b-munchen,phrase match
https://www.bezrealitky.com/properties-flats-houses/903731-nabidka-pronajem-kancelare-ostengasse-7-regensburg,phrase match
https://www.bezrealitky.com/properties-flats-houses/903732-nabidka-pronajem-kancelare-emilienstrasse-21-hamburg,phrase match
https://www.bezrealitky.com/properties-flats-houses/903733-nabidka-prodej-domu-wischhof-9-a-dudenbuttel,phrase match
https://www.bezrealitky.com/properties-flats-houses/903734-nabidka-prodej-bytu-koblenz,phrase match
https://www.bezrealitky.com/properties-flats-houses/903736-nabidka-pronajem-bytu-rostock,phrase match
https://www.bezrealitky.com/properties-flats-houses/903737-nabidka-prodej-bytu-giessen,phrase match
https://www.bezrealitky.com/properties-flats-houses/903738-nabidka-prodej-domu-pforzheimerstrasse-7-ettlingen,phrase match
https://www.bezrealitky.com/properties-flats-houses/903739-nabidka-prodej-domu-landstuhl,phrase match
https://www.bezrealitky.com/properties-flats-houses/903740-nabidka-prodej-nebytoveho-prostoru-bergstrasse-10-schwerte,phrase match
https://www.bezrealitky.com/properties-flats-houses/903741-nabidka-prodej-pozemku-otto-krien-strasse-ecke-miersdorfer-strasse-schulzendorf-dahme-spreewald,phrase match
https://www.bezrealitky.com/properties-flats-houses/903742-nabidka-pronajem-bytu-osnabruck,phrase match
https://www.bezrealitky.com/properties-flats-houses/903745-nabidka-prodej-bytu-garding,phrase match
https://www.bezrealitky.com/properties-flats-houses/903746-nabidka-pronajem-bytu-pestalozzistr-15-3-heilbronn,phrase match
https://www.bezrealitky.com/properties-flats-houses/903747-nabidka-prodej-domu-an-der-bockwindmuhle-7-uetze-ot-hanigsen,phrase match
https://www.bezrealitky.com/properties-flats-houses/903748-nabidka-pronajem-bytu-ludwigshafen,phrase match
https://www.bezrealitky.com/properties-flats-houses/903749-nabidka-pronajem-nebytoveho-prostoru-michael-schaffer-strasse-11d-bobingen,phrase match
https://www.bezrealitky.com/properties-flats-houses/903750-nabidka-prodej-domu-heiligenhafen,phrase match
https://www.bezrealitky.com/properties-flats-houses/903751-nabidka-pronajem-bytu-koln,phrase match
https://www.bezrealitky.com/properties-flats-houses/373232-nabidka-pronajem-kancelare-rasinovo-nabrezi-praha-2,phrase match
https://www.bezrealitky.com/properties-flats-houses/649325-nabidka-pronajem-kancelare-rasinovo-nabrezi-praha,phrase match
https://www.bezrealitky.com/properties-flats-houses/903753-nabidka-prodej-domu-stockmannstr-5-reichenbach,phrase match
https://www.bezrealitky.com/properties-flats-houses/903155-nabidka-pronajem-bytu-gen-kholla-pribram,phrase match
https://www.bezrealitky.com/properties-flats-houses/903157-nabidka-pronajem-bytu-u-cukrovaru-benatky-nad-jizerou,phrase match
https://www.bezrealitky.com/properties-flats-houses/812090-nabidka-prodej-domu-sobesovicka-terlicko,phrase match
https://www.bezrealitky.com/properties-flats-houses/902447-nabidka-prodej-bytu-slezska-praha,phrase match
https://www.bezrealitky.com/properties-flats-houses/902154-nabidka-prodej-bytu-sidliste-9-kvetna-sazava,phrase match
https://www.bezrealitky.com/properties-flats-houses/893167-nabidka-prodej-chaty-chalupy-budisov,phrase match
https://www.bezrealitky.com/properties-flats-houses/886388-nabidka-prodej-pozemku-hradec-nad-moravici,phrase match
https://www.bezrealitky.com/properties-flats-houses/836274-nabidka-pronajem-bytu-zdenka-fibicha-ledec-nad-sazavou,phrase match
https://www.bezrealitky.com/properties-flats-houses/888349-nabidka-prodej-domu-k-dobrejovicum-cestlice,phrase match
https://www.bezrealitky.com/properties-flats-houses/888490-nabidka-prodej-bytu-trida-jiriho-pelikana-olomouc,phrase match
https://www.bezrealitky.com/properties-flats-houses/871462-nabidka-prodej-domu-vetrni,phrase match
https://www.bezrealitky.com/properties-flats-houses/908374-nabidka-pronajem-bytu-u-uhrineveske-obory-hlavni-mesto-praha,phrase match
https://www.bezrealitky.com/properties-flats-houses/888495-nabidka-pronajem-kancelare-ocelarska-hlavni-mesto-praha,phrase match
https://www.bezrealitky.com/properties-flats-houses/903180-nabidka-prodej-nebytoveho-prostoru-gagarinova-pardubice,phrase match
https://www.bezrealitky.com/properties-flats-houses/885679-nabidka-pronajem-bytu-brezinova-hlavni-mesto-praha,phrase match
https://www.bezrealitky.com/properties-flats-houses/888560-nabidka-prodej-bytu-pavla-benese-praha,phrase match
https://www.bezrealitky.com/properties-flats-houses/903186-nabidka-pronajem-bytu-jasenicka-vsetin,phrase match
https://www.bezrealitky.com/properties-flats-houses/772426-nabidka-pronajem-nebytoveho-prostoru-tismice,phrase match
https://www.bezrealitky.com/properties-flats-houses/903193-nabidka-pronajem-bytu-ivanska-cesta-bratislava,phrase match
https://www.bezrealitky.com/properties-flats-houses/887524-nabidka-prodej-domu-pazderna-vyskov,phrase match
https://www.bezrealitky.com/properties-flats-houses/888653-nabidka-prodej-domu-vedrovice,phrase match
https://www.bezrealitky.com/properties-flats-houses/893601-nabidka-prodej-bytu-bulharska-ostrava,phrase match
https://www.bezrealitky.com/properties-flats-houses/903218-nabidka-pronajem-bytu-jeseniova-hlavni-mesto-praha,phrase match
https://www.bezrealitky.com/properties-flats-houses/808134-nabidka-pronajem-bytu-lucni-dolni-bukovsko,phrase match
https://www.bezrealitky.com/properties-flats-houses/903223-nabidka-pronajem-bytu-seifertova-usti-nad-labem,phrase match
https://www.bezrealitky.com/properties-flats-houses/879995-nabidka-pronajem-bytu-masarykova-litomerice,phrase match
https://www.bezrealitky.com/properties-flats-houses/846103-nabidka-prodej-domu-otinoves,phrase match
https://www.bezrealitky.com/properties-flats-houses/867791-nabidka-pronajem-bytu-ostrovni-litomerice,phrase match
https://www.bezrealitky.com/properties-flats-houses/882458-nabidka-prodej-domu-hnojnik,phrase match
https://www.bezrealitky.com/properties-flats-houses/893844-nabidka-pronajem-bytu-krombholcova-melnik,phrase match
https://www.bezrealitky.com/properties-flats-houses/896775-nabidka-prodej-pozemku-na-zaverce-mnichovice,phrase match
https://www.bezrealitky.com/properties-flats-houses/903243-nabidka-pronajem-bytu-zelinarska-hlavni-mesto-praha,phrase match
https://www.bezrealitky.com/properties-flats-houses/903249-nabidka-pronajem-bytu-starokosirska-hlavni-mesto-praha,phrase match
https://www.bezrealitky.com/properties-flats-houses/904060-nabidka-pronajem-domu-gransee,phrase match
https://www.bezrealitky.com/properties-flats-houses/894955-nabidka-prodej-bytu-elisky-premyslovny-praha,phrase match
https://www.bezrealitky.com/properties-flats-houses/904430-nabidka-pronajem-nebytoveho-prostoru-schleidener-strasse-18-dusseldorf,phrase match
https://www.bezrealitky.com/properties-flats-houses/904749-nabidka-prodej-domu-bobenheim,phrase match
https://www.bezrealitky.com/properties-flats-houses/904285-nabidka-pronajem-bytu-1-cs-armadniho-sboru-ostrava,phrase match
https://www.bezrealitky.com/properties-flats-houses/904344-nabidka-pronajem-bytu-jeremiasova-olomouc,phrase match
https://www.bezrealitky.com/properties-flats-houses/905031-nabidka-pronajem-bytu-staufener-str-70-bad-krozingen,phrase match
https://www.bezrealitky.com/properties-flats-houses/904614-nabidka-pronajem-bytu-v-zahradkach-praha,phrase match
https://www.bezrealitky.com/properties-flats-houses/905481-nabidka-pronajem-bytu-dr-bolza-ring-5-zell-a-main,phrase match
https://www.bezrealitky.com/properties-flats-houses/904560-nabidka-pronajem-domu-u-kaplicky-rousinov,phrase match
https://www.bezrealitky.com/properties-flats-houses/905743-nabidka-prodej-domu-berlin,phrase match
https://www.bezrealitky.com/properties-flats-houses/905829-nabidka-prodej-bytu-villacherstrasse-4-spittal-drau,phrase match
https://www.bezrealitky.com/properties-flats-houses/905830-nabidka-prodej-domu-haselsdorf-tobelbad,phrase match
https://www.bezrealitky.com/properties-flats-houses/905833-nabidka-pronajem-kancelare-sterneckstrasse-59-salzburg,phrase match
https://www.bezrealitky.com/properties-flats-houses/905840-nabidka-prodej-domu-ysperbachstrasse-19-nochling,phrase match
https://www.bezrealitky.com/properties-flats-houses/905961-nabidka-prodej-bytu-wolfsberg,phrase match
https://www.bezrealitky.com/properties-flats-houses/906087-nabidka-prodej-domu-eckartsau,phrase match
https://www.bezrealitky.com/properties-flats-houses/905277-nabidka-pronajem-bytu-popelakova-brno,phrase match
https://www.bezrealitky.com/properties-flats-houses/904336-nabidka-pronajem-bytu-revolucni-krupka,phrase match
https://www.bezrealitky.com/properties-flats-houses/905654-nabidka-pronajem-bytu-svedska-kladno,phrase match
https://www.bezrealitky.com/properties-flats-houses/906572-nabidka-prodej-bytu-apolda,phrase match
https://www.bezrealitky.com/properties-flats-houses/885169-nabidka-prodej-pozemku,phrase match
https://www.bezrealitky.com/properties-flats-houses/906184-nabidka-pronajem-bytu-krizikova-hlavni-mesto-praha,phrase match
https://www.bezrealitky.com/properties-flats-houses/906223-nabidka-prodej-domu-kpt-jarose-rozmital-pod-tremsinem,phrase match
https://www.bezrealitky.com/properties-flats-houses/906820-nabidka-prodej-domu-neu-fahrland,phrase match
https://www.bezrealitky.com/properties-flats-houses/446985-nabidka-pronajem-bytu-kopecna-brno-stred,phrase match
https://www.bezrealitky.com/properties-flats-houses/907186-nabidka-prodej-domu-schwerte,phrase match
https://www.bezrealitky.com/properties-flats-houses/907197-nabidka-pronajem-bytu-uberseeboulevard-7-20457-hamburg-hamburg,phrase match
https://www.bezrealitky.com/properties-flats-houses/907234-nabidka-pronajem-bytu-wuppertal,phrase match
https://www.bezrealitky.com/properties-flats-houses/907275-nabidka-prodej-bytu-wien,phrase match
https://www.bezrealitky.com/properties-flats-houses/907298-nabidka-prodej-domu-erding,phrase match
https://www.bezrealitky.com/properties-flats-houses/907362-nabidka-pronajem-bytu-bahnhofplatz-6a-eichstatt,phrase match
https://www.bezrealitky.com/properties-flats-houses/538650-nabidka-pronajem-bytu-sokolnicka-brno-mesto,phrase match
https://www.bezrealitky.com/properties-flats-houses/879260-nabidka-pronajem-bytu-tomanova-praha,phrase match
https://www.bezrealitky.com/properties-flats-houses/906791-nabidka-pronajem-bytu-namesti-jiriho-z-lobkovic-hlavni-mesto-praha,phrase match
https://www.bezrealitky.com/properties-flats-houses/907539-nabidka-prodej-domu-deutsch-evern,phrase match
https://www.bezrealitky.com/properties-flats-houses/261455-nabidka-pronajem-bytu-jeremenkova,phrase match
https://www.bezrealitky.com/properties-flats-houses/907895-nabidka-pronajem-bytu-rainfarnstrasse-25-munchen,phrase match
https://www.bezrealitky.com/properties-flats-houses/304327-nabidka-pronajem-bytu-hurska-praha,phrase match
https://www.bezrealitky.com/properties-flats-houses/897495-nabidka-prodej-domu-sedmidomky-dalovice,phrase match
https://www.bezrealitky.com/properties-flats-houses/908090-nabidka-pronajem-bytu-schwarzer-weg-5-braunschweig-runingen,phrase match
https://www.bezrealitky.com/properties-flats-houses/908096-nabidka-prodej-bytu-bremen,phrase match
https://www.bezrealitky.com/properties-flats-houses/908097-nabidka-pronajem-bytu-weil-am-rhein,phrase match
https://www.bezrealitky.com/properties-flats-houses/908106-nabidka-prodej-pozemku-grabau,phrase match
https://www.bezrealitky.com/properties-flats-houses/908107-nabidka-pronajem-bytu-heideweg-7-hamburg,phrase match
https://www.bezrealitky.com/properties-flats-houses/908109-nabidka-prodej-bytu-weil-am-rhein,phrase match
https://www.bezrealitky.com/properties-flats-houses/908112-nabidka-pronajem-bytu-pelm,phrase match
https://www.bezrealitky.com/properties-flats-houses/908114-nabidka-prodej-bytu-wernau,phrase match
https://www.bezrealitky.com/properties-flats-houses/908120-nabidka-pronajem-bytu-alzeyer-str-65-a-worms,phrase match
https://www.bezrealitky.com/properties-flats-houses/908123-nabidka-pronajem-bytu-gellertstr-89-bremen,phrase match
https://www.bezrealitky.com/properties-flats-houses/908125-nabidka-pronajem-bytu-zorneding,phrase match
https://www.bezrealitky.com/properties-flats-houses/908126-nabidka-pronajem-bytu-richard-wagnerstr-22-villach,phrase match
https://www.bezrealitky.com/properties-flats-houses/908133-nabidka-pronajem-bytu-schillerstr-12-pforzheim,phrase match
https://www.bezrealitky.com/properties-flats-houses/908136-nabidka-pronajem-bytu-nurnberg,phrase match
https://www.bezrealitky.com/properties-flats-houses/908138-nabidka-pronajem-bytu-lutzstrasse-3-b-ingolstadt,phrase match
https://www.bezrealitky.com/properties-flats-houses/908139-nabidka-pronajem-bytu-lutzstrasse-3-ingolstadt,phrase match
https://www.bezrealitky.com/properties-flats-houses/908141-nabidka-pronajem-bytu-hospitalstrasse-15-hanau,phrase match
https://www.bezrealitky.com/properties-flats-houses/908155-nabidka-prodej-bytu-bugginger-str-37-freiburg,phrase match
https://www.bezrealitky.com/properties-flats-houses/908159-nabidka-pronajem-domu-nurnberg,phrase match
https://www.bezrealitky.com/properties-flats-houses/908161-nabidka-prodej-bytu-wernau,phrase match
https://www.bezrealitky.com/properties-flats-houses/908163-nabidka-pronajem-garaze-talstrasse-velbert,phrase match
https://www.bezrealitky.com/properties-flats-houses/908178-nabidka-pronajem-bytu-koblenz,phrase match
https://www.bezrealitky.com/properties-flats-houses/908240-nabidka-pronajem-bytu-saarbrucken-st-johann,phrase match
https://www.bezrealitky.com/properties-flats-houses/908243-nabidka-pronajem-bytu-thamsbrucker-str-50-a-bad-langensalza,phrase match
https://www.bezrealitky.com/properties-flats-houses/908247-nabidka-pronajem-domu-gruibingen,phrase match
https://www.bezrealitky.com/properties-flats-houses/908250-nabidka-pronajem-kancelare-magdeburgerstrasse-37-gelsenkirchen,phrase match
https://www.bezrealitky.com/properties-flats-houses/908255-nabidka-pronajem-bytu-berlin,phrase match
https://www.bezrealitky.com/properties-flats-houses/908265-nabidka-pronajem-bytu-arzl-im-pitztal,phrase match
https://www.bezrealitky.com/properties-flats-houses/908273-nabidka-pronajem-bytu-schlossweg-2-burgau,phrase match
https://www.bezrealitky.com/properties-flats-houses/908274-nabidka-pronajem-bytu-schlossweg-2-burgau,phrase match
https://www.bezrealitky.com/properties-flats-houses/908275-nabidka-pronajem-bytu-graz,phrase match
https://www.bezrealitky.com/properties-flats-houses/908280-nabidka-pronajem-garaze-mullerstrasse-7-munchen,phrase match
https://www.bezrealitky.com/properties-flats-houses/908287-nabidka-pronajem-bytu-riedweg-4-wernberg,phrase match
https://www.bezrealitky.com/properties-flats-houses/908290-nabidka-pronajem-bytu-heidestr-215-koln,phrase match
https://www.bezrealitky.com/properties-flats-houses/908296-nabidka-prodej-bytu-waiblingen,phrase match
https://www.bezrealitky.com/properties-flats-houses/908306-nabidka-pronajem-nebytoveho-prostoru-magdeburgerstrasse-37-gelsenkirchen,phrase match
https://www.bezrealitky.com/properties-flats-houses/908322-nabidka-pronajem-bytu-untere-gasse-9-ergersheim,phrase match
https://www.bezrealitky.com/properties-flats-houses/908336-nabidka-pronajem-bytu-merzenicher-strasse-7-9-duren,phrase match
https://www.bezrealitky.com/properties-flats-houses/908337-nabidka-pronajem-bytu-sindelfingen,phrase match
https://www.bezrealitky.com/properties-flats-houses/907767-nabidka-pronajem-garaze-augustina-lukese-brandys-nad-labem-stara-boleslav,phrase match
https://www.bezrealitky.com/properties-flats-houses/907793-nabidka-pronajem-bytu-odlehla-brno,phrase match
https://www.bezrealitky.com/properties-flats-houses/908467-nabidka-prodej-domu-mainhausen,phrase match
https://www.bezrealitky.com/properties-flats-houses/908498-nabidka-pronajem-bytu-lindenschulstr-13-stuttgart,phrase match
https://www.bezrealitky.com/properties-flats-houses/908513-nabidka-pronajem-bytu-muhlenstrasse-3-bad-pyrmont,phrase match
https://www.bezrealitky.com/properties-flats-houses/908530-nabidka-pronajem-bytu-annastr-1-darmstadt,phrase match
https://www.bezrealitky.com/properties-flats-houses/908537-nabidka-pronajem-domu-kammerjoch-47-klosterneuburg,phrase match
https://www.bezrealitky.com/properties-flats-houses/908561-nabidka-pronajem-bytu-hildesheim,phrase match
https://www.bezrealitky.com/properties-flats-houses/908564-nabidka-pronajem-bytu-muhlenbergsweg-garbsen,phrase match
https://www.bezrealitky.com/properties-flats-houses/908636-nabidka-pronajem-bytu-eschborn,phrase match
https://www.bezrealitky.com/properties-flats-houses/908670-nabidka-pronajem-bytu-vallendar,phrase match
https://www.bezrealitky.com/properties-flats-houses/908768-nabidka-prodej-bytu-augsburg,phrase match
https://www.bezrealitky.com/properties-flats-houses/908771-nabidka-pronajem-bytu-arndtstr-13-dusseldorf,phrase match
https://www.bezrealitky.com/properties-flats-houses/908779-nabidka-prodej-bytu-nurnberg,phrase match
https://www.bezrealitky.com/properties-flats-houses/908043-nabidka-pronajem-bytu-husova-ricany,phrase match
https://www.bezrealitky.com/properties-flats-houses/472448-nabidka-pronajem-bytu-augustinova-praha-11,phrase match
https://www.bezrealitky.com/properties-flats-houses/909051-nabidka-prodej-domu-oberstrasse-41-krefeld,phrase match
https://www.bezrealitky.com/properties-flats-houses/864564-nabidka-prodej-pozemku,phrase match
https://www.bezrealitky.com/properties-flats-houses/864569-nabidka-prodej-pozemku,phrase match
https://www.bezrealitky.com/properties-flats-houses/864614-nabidka-prodej-pozemku,phrase match
https://www.bezrealitky.com/properties-flats-houses/864774-nabidka-prodej-pozemku,phrase match
https://www.bezrealitky.com/properties-flats-houses/865009-nabidka-prodej-bytu,error: 'NoneType' object has no attribute 'string'
https://www.bezrealitky.com/properties-flats-houses/865018-nabidka-prodej-pozemku,phrase match
https://www.bezrealitky.com/properties-flats-houses/865052-nabidka-prodej-pozemku,phrase match
https://www.bezrealitky.com/properties-flats-houses/865055-nabidka-prodej-pozemku,phrase match
https://www.bezrealitky.com/properties-flats-houses/865120-nabidka-prodej-pozemku,phrase match
https://www.bezrealitky.com/properties-flats-houses/865211-nabidka-prodej-pozemku,phrase match
https://www.bezrealitky.com/properties-flats-houses/908686-nabidka-pronajem-bytu-taussigova-praha,phrase match
https://www.bezrealitky.com/properties-flats-houses/907781-nabidka-prodej-bytu-josefa-kotase-ostrava,phrase match
https://www.bezrealitky.com/properties-flats-houses/909319-nabidka-pronajem-bytu-wilsnacker-str-35-berlin,phrase match
https://www.bezrealitky.com/properties-flats-houses/909321-nabidka-pronajem-domu-gottmadingen,phrase match
https://www.bezrealitky.com/properties-flats-houses/909531-nabidka-pronajem-bytu-clayallee-225-f-berlin,phrase match
https://www.bezrealitky.com/properties-flats-houses/909191-nabidka-pronajem-bytu-u-borovicek-hlavni-mesto-praha,phrase match
https://www.bezrealitky.com/properties-flats-houses/910091-nabidka-pronajem-bytu-scheidswaldstrabe-frankfurt-am-main,phrase match
https://www.bezrealitky.com/properties-flats-houses/910150-nabidka-prodej-domu-krummhorn-grimersum,redirected
https://www.bezrealitky.com/properties-flats-houses/910165-nabidka-pronajem-bytu-haussmannplatz-3-kreischa,phrase match
https://www.bezrealitky.com/properties-flats-houses/909663-nabidka-pronajem-bytu-miloticka-hlavni-mesto-praha,phrase match
https://www.bezrealitky.com/properties-flats-houses/910295-nabidka-prodej-bytu-stuntzstrasse-23-munchen,phrase match
https://www.bezrealitky.com/properties-flats-houses/910305-nabidka-prodej-domu-kleinmachnow-b-berlin,phrase match
https://www.bezrealitky.com/properties-flats-houses/910320-nabidka-pronajem-bytu-friedrichshafen,phrase match
https://www.bezrealitky.com/properties-flats-houses/910327-nabidka-pronajem-nebytoveho-prostoru-hietzinger-hauptstrasse-94-wien,phrase match
https://www.bezrealitky.com/properties-flats-houses/910415-nabidka-pronajem-bytu-fichtenstrasse-17a-kissing,phrase match
https://www.bezrealitky.com/properties-flats-houses/910479-nabidka-prodej-domu-storkow-ot-kehrigk,phrase match
https://www.bezrealitky.com/properties-flats-houses/909874-nabidka-pronajem-bytu-maxe-svabinskeho-most,phrase match
https://www.bezrealitky.com/properties-flats-houses/900431-nabidka-pronajem-bytu-u-mlynskeho-kanalu,phrase match
https://www.bezrealitky.com/properties-flats-houses/910589-nabidka-pronajem-bytu-neutorstrasse-16-18-mainz,phrase match
https://www.bezrealitky.com/properties-flats-houses/910606-nabidka-pronajem-domu-adlerseige-6-tegernheim,phrase match
https://www.bezrealitky.com/properties-flats-houses/910682-nabidka-pronajem-bytu-luschendorfer-strasse-nr-1-schursdorf,phrase match
https://www.bezrealitky.com/properties-flats-houses/910752-nabidka-pronajem-bytu-lowenzahnweg-ovelgonne,phrase match
https://www.bezrealitky.com/properties-flats-houses/910827-nabidka-pronajem-bytu-merzenich,phrase match
https://www.bezrealitky.com/properties-flats-houses/910857-nabidka-prodej-bytu-mittlere-beutau-41-esslingen,phrase match
https://www.bezrealitky.com/properties-flats-houses/910879-nabidka-prodej-bytu-oberhausen,phrase match
https://www.bezrealitky.com/properties-flats-houses/910889-nabidka-pronajem-bytu-bremen,phrase match
https://www.bezrealitky.com/properties-flats-houses/910894-nabidka-prodej-domu-teublitz,phrase match
https://www.bezrealitky.com/properties-flats-houses/910549-nabidka-pronajem-bytu-kotorska-hlavni-mesto-praha,phrase match
https://www.bezrealitky.com/properties-flats-houses/644463-nabidka-pronajem-bytu-gabinova-praha,phrase match
https://www.bezrealitky.com/properties-flats-houses/911165-nabidka-pronajem-bytu-behringstr-32-dresden,phrase match
https://www.bezrealitky.com/properties-flats-houses/438819-nabidka-pronajem-bytu-jetelova-praha,phrase match
https://www.bezrealitky.com/properties-flats-houses/910809-nabidka-pronajem-bytu-vychodilova-brno,phrase match
https://www.bezrealitky.com/properties-flats-houses/911586-nabidka-pronajem-bytu-rothehausstr-34-koln,phrase match
https://www.bezrealitky.com/properties-flats-houses/461528-nabidka-pronajem-bytu-semicka-hlavni-mesto-praha,phrase match
https://www.bezrealitky.com/properties-flats-houses/910968-nabidka-pronajem-bytu-mostecka-hlavni-mesto-praha,phrase match
https://www.bezrealitky.com/properties-flats-houses/610179-nabidka-pronajem-bytu-jugoslavskych-partyzanu-prague,phrase match
https://www.bezrealitky.com/properties-flats-houses/910996-nabidka-pronajem-bytu-limuzska-praha,phrase match
https://www.bezrealitky.com/properties-flats-houses/911840-nabidka-pronajem-bytu-nurnberg,redirected
https://www.bezrealitky.com/properties-flats-houses/911864-nabidka-prodej-domu-schonaich,phrase match
https://www.bezrealitky.com/properties-flats-houses/911870-nabidka-pronajem-domu-am-waldchen-4-grumbach,phrase match
https://www.bezrealitky.com/properties-flats-houses/911923-nabidka-pronajem-kancelare-hochstrasse-146a-recklinghausen,phrase match
https://www.bezrealitky.com/properties-flats-houses/911935-nabidka-pronajem-kancelare-luiesenstrasse-9-leimen,phrase match
https://www.bezrealitky.com/properties-flats-houses/911291-nabidka-pronajem-bytu-skorkovskeho-brno,phrase match
https://www.bezrealitky.com/properties-flats-houses/912102-nabidka-prodej-bytu-krefeld,phrase match
https://www.bezrealitky.com/properties-flats-houses/912167-nabidka-pronajem-bytu-freiburg-haslach,phrase match
https://www.bezrealitky.com/properties-flats-houses/912216-nabidka-pronajem-bytu-gentzstrasse-munchen,phrase match
https://www.bezrealitky.com/properties-flats-houses/912222-nabidka-prodej-pozemku-denzlingen,phrase match
https://www.bezrealitky.com/properties-flats-houses/912248-nabidka-pronajem-bytu-elsa-brandstrom-str-mainz,phrase match
https://www.bezrealitky.com/properties-flats-houses/800902-nabidka-pronajem-chaty-chalupy-zajeci,phrase match
https://www.bezrealitky.com/properties-flats-houses/911938-nabidka-pronajem-chaty-chalupy-kasperske-hory,redirected
https://www.bezrealitky.com/properties-flats-houses/911940-nabidka-pronajem-chaty-chalupy-lisov,redirected
https://www.bezrealitky.com/properties-flats-houses/912285-nabidka-pronajem-chaty-chalupy-borusov-svojanov,redirected
https://www.bezrealitky.com/properties-flats-houses/912286-nabidka-pronajem-chaty-chalupy-ludvikov-pod-pradedem,redirected
https://www.bezrealitky.com/properties-flats-houses/773077-nabidka-pronajem-bytu-velvarska-praha,phrase match
https://www.bezrealitky.com/properties-flats-houses/911739-nabidka-pronajem-bytu-rekreacni-janske-lazne,phrase match
https://www.bezrealitky.com/properties-flats-houses/806164-nabidka-pronajem-bytu-halkova-praha,phrase match
https://www.bezrealitky.com/properties-flats-houses/866788-nabidka-prodej-bytu-gdanska-praha,phrase match
https://www.bezrealitky.com/properties-flats-houses/903498-nabidka-pronajem-bytu-spitalska-bratislava-mestska-cast-stare-mesto,phrase match
https://www.bezrealitky.com/properties-flats-houses/901413-nabidka-prodej-bytu-beranovych-praha,phrase match
https://www.bezrealitky.com/properties-flats-houses/830757-nabidka-pronajem-bytu-dusni-praha,phrase match
https://www.bezrealitky.com/properties-flats-houses/877945-nabidka-pronajem-bytu-karlovo-namesti-praha,phrase match
https://www.bezrealitky.com/properties-flats-houses/904908-nabidka-prodej-domu-lolkova-olomouc,redirected
https://www.bezrealitky.com/properties-flats-houses/860560-nabidka-pronajem-bytu-saldova-praha,phrase match
https://www.bezrealitky.com/properties-flats-houses/908432-nabidka-prodej-bytu-lazebnicka-jihlava,phrase match
https://www.bezrealitky.com/properties-flats-houses/902548-nabidka-pronajem-bytu-trojicka-praha,phrase match
https://www.bezrealitky.com/properties-flats-houses/905301-nabidka-pronajem-bytu-bosakova-bratislava,phrase match
https://www.bezrealitky.com/properties-flats-houses/839074-nabidka-pronajem-bytu-vltavska-praha,phrase match
https://www.bezrealitky.com/properties-flats-houses/849209-nabidka-pronajem-bytu-vita-nejedleho-praha,phrase match
https://www.bezrealitky.com/properties-flats-houses/830736-nabidka-pronajem-bytu-voskovcova-praha,phrase match
https://www.bezrealitky.com/properties-flats-houses/767993-nabidka-pronajem-bytu-bosakova-bratislava,phrase match
https://www.bezrealitky.com/properties-flats-houses/881227-nabidka-pronajem-bytu-pod-stepem-praha,phrase match
https://www.bezrealitky.com/properties-flats-houses/687205-nabidka-pronajem-nebytoveho-prostoru-hlavni-trida,phrase match
https://www.bezrealitky.com/properties-flats-houses/695204-nabidka-pronajem-bytu-kosmonautu,phrase match
https://www.bezrealitky.com/properties-flats-houses/697410-nabidka-pronajem-bytu-zakladatelska-karvina,redirected
https://www.bezrealitky.com/properties-flats-houses/713242-nabidka-pronajem-bytu-slezska,phrase match
https://www.bezrealitky.com/properties-flats-houses/791892-nabidka-pronajem-bytu-ke-studance-orlova,phrase match
https://www.bezrealitky.com/properties-flats-houses/852106-nabidka-pronajem-bytu-rude-armady,phrase match
https://www.bezrealitky.com/properties-flats-houses/879687-nabidka-pronajem-bytu-na-nabrezi,phrase match
https://www.bezrealitky.com/properties-flats-houses/882503-nabidka-pronajem-nebytoveho-prostoru-dlouha-trida,phrase match
https://www.bezrealitky.com/properties-flats-houses/886788-nabidka-pronajem-bytu-einsteinova,phrase match
https://www.bezrealitky.com/properties-flats-houses/900175-nabidka-pronajem-bytu-delnicka,phrase match
https://www.bezrealitky.com/properties-flats-houses/909171-nabidka-pronajem-bytu-steinerova-praha,phrase match
https://www.bezrealitky.com/properties-flats-houses/846233-nabidka-prodej-pozemku-hute-pod-tremsinem,phrase match
https://www.bezrealitky.com/properties-flats-houses/880430-nabidka-prodej-bytu-pobori,error: 'NoneType' object has no attribute 'string'
https://www.bezrealitky.com/properties-flats-houses/899401-nabidka-prodej-bytu-alexandrovska,phrase match
